home	Tools	Mobster	results	Resultats_180126_NB501254_0019_AHVV5TAFXX_Mobster_custom
home	Tools	Mobster	results	Resultats_180126_NB501254_0019_AHVV5TAFXX_Mobster_custom
home	Tools	Mobster	results	Resultats_180126_NB501254_0019_AHVV5TAFXX_Mobster_custom
home	Tools	Mobster	results	Resultats_180126_NB501254_0019_AHVV5TAFXX_Mobster_custom
home	Tools	Mobster	results	Resultats_180126_NB501254_0019_AHVV5TAFXX_Mobster_custom
home	Tools	Mobster	results	Resultats_180126_NB501254_0019_AHVV5TAFXX_Mobster_custom
home	Tools	Mobster	results	Resultats_180126_NB501254_0019_AHVV5TAFXX_Mobster_custom
home	Tools	Mobster	results	Resultats_180126_NB501254_0019_AHVV5TAFXX_Mobster_custom
home	Tools	Mobster	results	Resultats_180126_NB501254_0019_AHVV5TAFXX_Mobster_custom
home	Tools	Mobster	results	Resultats_180126_NB501254_0019_AHVV5TAFXX_Mobster_custom
home	Tools	Mobster	results	Resultats_180126_NB501254_0019_AHVV5TAFXX_Mobster_custom
home	Tools	Mobster	results	Resultats_180126_NB501254_0019_AHVV5TAFXX_Mobster_custom
